Time,Force(grams),Force(kilograms),Force(newtons),Acceleration,Velocity
0.0,0.0,0.0,0.0,0.0,0.0
0.0,0.0,0.0,0.0,0.0,0.0
41.0,0.04,4e-05,0.00039240000000000005,0.007927272727272727,0.007927272727272727
123.0,-0.01,-1e-05,-9.810000000000001e-05,-0.001981818181818182,0.0059454545454545454
207.0,0.16,0.00016,0.0015696000000000002,0.03170909090909091,0.037654545454545454
291.0,0.16,0.00016,0.0015696000000000002,0.03170909090909091,0.06936363636363636
375.0,-0.01,-1e-05,-9.810000000000001e-05,-0.001981818181818182,0.06738181818181818
459.0,0.17,0.00017,0.0016677000000000003,0.0336909090909091,0.10107272727272729
543.0,0.34,0.00034,0.0033354000000000005,0.0673818181818182,0.16845454545454547
628.0,0.33,0.00033,0.0032373000000000002,0.0654,0.23385454545454548
712.0,0.28,0.00028000000000000003,0.0027468000000000006,0.0554909090909091,0.2893454545454546
796.0,0.35,0.00035,0.0034335000000000004,0.06936363636363636,0.3587090909090909
880.0,0.31,0.00031,0.0030411,0.061436363636363636,0.42014545454545454
964.0,0.31,0.00031,0.0030411,0.061436363636363636,0.48158181818181817
1048.0,0.34,0.00034,0.0033354000000000005,0.0673818181818182,0.5489636363636363
1132.0,0.33,0.00033,0.0032373000000000002,0.0654,0.6143636363636363
1216.0,0.32,0.00032,0.0031392000000000004,0.06341818181818182,0.6777818181818182
1300.0,0.35,0.00035,0.0034335000000000004,0.06936363636363636,0.7471454545454546
1384.0,0.3,0.0003,0.002943,0.05945454545454545,0.8066
1468.0,0.26,0.00026000000000000003,0.0025506000000000005,0.051527272727272734,0.8581272727272727
1552.0,0.24,0.00023999999999999998,0.0023544,0.047563636363636363,0.9056909090909091
1636.0,0.27,0.00027,0.0026487000000000004,0.053509090909090916,0.9592
1720.0,0.35,0.00035,0.0034335000000000004,0.06936363636363636,1.0285636363636363
1804.0,0.31,0.00031,0.0030411,0.061436363636363636,1.09
1888.0,0.29,0.00029,0.0028449,0.05747272727272727,1.1474727272727274
1972.0,0.34,0.00034,0.0033354000000000005,0.0673818181818182,1.2148545454545456
2056.0,0.35,0.00035,0.0034335000000000004,0.06936363636363636,1.284218181818182
2140.0,0.32,0.00032,0.0031392000000000004,0.06341818181818182,1.3476363636363637
2224.0,0.31,0.00031,0.0030411,0.061436363636363636,1.4090727272727275
2308.0,0.31,0.00031,0.0030411,0.061436363636363636,1.4705090909090912
2392.0,0.3,0.0003,0.002943,0.05945454545454545,1.5299636363636366
2476.0,0.28,0.00028000000000000003,0.0027468000000000006,0.0554909090909091,1.5854545454545457
2560.0,0.29,0.00029,0.0028449,0.05747272727272727,1.642927272727273
2644.0,0.29,0.00029,0.0028449,0.05747272727272727,1.7004000000000004
2727.0,0.3,0.0003,0.002943,0.05945454545454545,1.7598545454545458
2811.0,0.25,0.00025,0.0024525000000000003,0.049545454545454545,1.8094000000000003
2895.0,0.26,0.00026000000000000003,0.0025506000000000005,0.051527272727272734,1.860927272727273
2979.0,0.28,0.00028000000000000003,0.0027468000000000006,0.0554909090909091,1.916418181818182
3064.0,0.32,0.00032,0.0031392000000000004,0.06341818181818182,1.9798363636363638
3148.0,0.3,0.0003,0.002943,0.05945454545454545,2.0392909090909095
3232.0,0.29,0.00029,0.0028449,0.05747272727272727,2.0967636363636366
3316.0,0.33,0.00033,0.0032373000000000002,0.0654,2.1621636363636365
3400.0,0.27,0.00027,0.0026487000000000004,0.053509090909090916,2.2156727272727275
3484.0,0.26,0.00026000000000000003,0.0025506000000000005,0.051527272727272734,2.2672000000000003
3568.0,0.27,0.00027,0.0026487000000000004,0.053509090909090916,2.3207090909090913
3652.0,0.28,0.00028000000000000003,0.0027468000000000006,0.0554909090909091,2.3762000000000003
3736.0,0.29,0.00029,0.0028449,0.05747272727272727,2.4336727272727274
3820.0,0.3,0.0003,0.002943,0.05945454545454545,2.493127272727273
3904.0,0.29,0.00029,0.0028449,0.05747272727272727,2.5506
3988.0,0.32,0.00032,0.0031392000000000004,0.06341818181818182,2.614018181818182
4072.0,0.31,0.00031,0.0030411,0.061436363636363636,2.6754545454545458
4156.0,0.29,0.00029,0.0028449,0.05747272727272727,2.732927272727273
4240.0,0.3,0.0003,0.002943,0.05945454545454545,2.7923818181818185
4324.0,0.31,0.00031,0.0030411,0.061436363636363636,2.8538181818181823
4408.0,0.31,0.00031,0.0030411,0.061436363636363636,2.915254545454546
4492.0,0.3,0.0003,0.002943,0.05945454545454545,2.9747090909090916
4576.0,0.34,0.00034,0.0033354000000000005,0.0673818181818182,3.0420909090909096
4660.0,0.34,0.00034,0.0033354000000000005,0.0673818181818182,3.1094727272727276
4744.0,0.32,0.00032,0.0031392000000000004,0.06341818181818182,3.1728909090909094
4828.0,0.27,0.00027,0.0026487000000000004,0.053509090909090916,3.2264000000000004
4912.0,-3.58,-0.0035800000000000003,-0.03511980000000001,-0.7094909090909092,2.516909090909091
1.0,4.75,0.00475,0.0465975,0.9413636363636363,3.4582727272727274
73.0,4.67,0.00467,0.0458127,0.9255090909090908,4.383781818181818
157.0,4.57,0.00457,0.0448317,0.9056909090909091,5.289472727272727
241.0,4.93,0.0049299999999999995,0.0483633,0.9770363636363636,6.266509090909091
325.0,4.17,0.00417,0.040907700000000005,0.8264181818181818,7.092927272727273
409.0,1.46,0.00146,0.0143226,0.2893454545454545,7.382272727272728
493.0,0.85,0.00085,0.0083385,0.16845454545454547,7.550727272727273
577.0,1.0,0.001,0.009810000000000001,0.19818181818181818,7.748909090909091
661.0,1.02,0.00102,0.010006200000000002,0.20214545454545457,7.951054545454546
744.0,1.09,0.00109,0.010692900000000002,0.21601818181818183,8.167072727272727
828.0,1.1,0.0011,0.010791000000000002,0.21800000000000003,8.385072727272727
912.0,1.08,0.00108,0.010594800000000001,0.21403636363636366,8.59910909090909
996.0,1.04,0.0010400000000000001,0.010202400000000002,0.20610909090909094,8.805218181818182
1080.0,1.1,0.0011,0.010791000000000002,0.21800000000000003,9.023218181818182
1164.0,1.09,0.00109,0.010692900000000002,0.21601818181818183,9.239236363636364
1248.0,1.05,0.0010500000000000002,0.010300500000000002,0.20809090909090913,9.447327272727273
1332.0,1.04,0.0010400000000000001,0.010202400000000002,0.20610909090909094,9.653436363636365
1416.0,1.04,0.0010400000000000001,0.010202400000000002,0.20610909090909094,9.859545454545456
1500.0,1.08,0.00108,0.010594800000000001,0.21403636363636366,10.07358181818182
1584.0,1.11,0.00111,0.010889100000000002,0.21998181818181822,10.293563636363638
1668.0,1.07,0.00107,0.010496700000000001,0.21205454545454547,10.505618181818184
1752.0,1.07,0.00107,0.010496700000000001,0.21205454545454547,10.71767272727273
1836.0,1.07,0.00107,0.010496700000000001,0.21205454545454547,10.929727272727275
1920.0,1.05,0.0010500000000000002,0.010300500000000002,0.20809090909090913,11.137818181818185
2004.0,1.13,0.00113,0.0110853,0.22394545454545453,11.361763636363639
2088.0,1.16,0.00116,0.0113796,0.2298909090909091,11.591654545454547
2172.0,1.15,0.00115,0.0112815,0.2279090909090909,11.819563636363638
2256.0,1.11,0.00111,0.010889100000000002,0.21998181818181822,12.039545454545456
2340.0,1.09,0.00109,0.010692900000000002,0.21601818181818183,12.255563636363638
2425.0,1.05,0.0010500000000000002,0.010300500000000002,0.20809090909090913,12.463654545454547
2509.0,1.09,0.00109,0.010692900000000002,0.21601818181818183,12.67967272727273
2593.0,1.1,0.0011,0.010791000000000002,0.21800000000000003,12.89767272727273
2677.0,1.15,0.00115,0.0112815,0.2279090909090909,13.12558181818182
2761.0,1.17,0.00117,0.0114777,0.23187272727272726,13.357454545454546
2845.0,1.11,0.00111,0.010889100000000002,0.21998181818181822,13.577436363636364
2929.0,1.06,0.00106,0.010398600000000001,0.21007272727272727,13.787509090909092
3013.0,1.09,0.00109,0.010692900000000002,0.21601818181818183,14.003527272727274
3097.0,1.09,0.00109,0.010692900000000002,0.21601818181818183,14.219545454545456
3181.0,1.06,0.00106,0.010398600000000001,0.21007272727272727,14.429618181818183
3265.0,1.12,0.0011200000000000001,0.010987200000000003,0.2219636363636364,14.65158181818182
3349.0,1.13,0.00113,0.0110853,0.22394545454545453,14.875527272727274
3432.0,1.1,0.0011,0.010791000000000002,0.21800000000000003,15.093527272727274
3516.0,1.1,0.0011,0.010791000000000002,0.21800000000000003,15.311527272727274
3600.0,1.1,0.0011,0.010791000000000002,0.21800000000000003,15.529527272727274
3684.0,1.22,0.00122,0.0119682,0.24178181818181818,15.771309090909092
3768.0,7.98,0.007980000000000001,0.07828380000000001,1.5814909090909093,17.352800000000002
3852.0,39.43,0.03943,0.3868083,7.814309090909091,25.167109090909094
3936.0,89.33,0.08932999999999999,0.8763272999999999,17.703581818181817,42.87069090909091
4020.0,112.49,0.11248999999999999,1.1035269,22.29347272727273,65.16416363636364
4104.0,70.46,0.07046,0.6912126,13.963890909090907,79.12805454545455
4188.0,17.57,0.01757,0.1723617,3.4820545454545453,82.61010909090909
4272.0,3.57,0.00357,0.0350217,0.707509090909091,83.31761818181818
4356.0,3.18,0.00318,0.031195800000000003,0.6302181818181818,83.94783636363636
4440.0,2.9,0.0029,0.028449,0.5747272727272726,84.52256363636363
4524.0,4.86,0.004860000000000001,0.047676600000000006,0.9631636363636364,85.48572727272726
4608.0,36.9,0.036899999999999995,0.36198899999999995,7.3129090909090895,92.79863636363635
4692.0,120.1,0.1201,1.1781810000000001,23.801636363636366,116.60027272727271
4776.0,196.84,0.19684000000000001,1.9310004000000003,39.0101090909091,155.6103818181818
4860.0,232.4,0.2324,2.279844,46.05745454545455,201.66783636363635
4944.0,157.9,0.1579,1.5489990000000002,31.292909090909095,232.96074545454545
5028.0,32.17,0.032170000000000004,0.3155877000000001,6.375509090909092,239.33625454545455
5113.0,-17.98,-0.01798,-0.1763838,-3.5633090909090908,235.77294545454546
1.0,5.0,0.005,0.04905,0.990909090909091,236.76385454545456
59.0,4.96,0.00496,0.0486576,0.9829818181818182,237.7468363636364
143.0,4.89,0.004889999999999999,0.0479709,0.9691090909090908,238.71594545454548
226.0,5.4,0.0054,0.05297400000000001,1.0701818181818183,239.7861272727273
310.0,13.71,0.013710000000000002,0.13449510000000003,2.7170727272727278,242.50320000000002
394.0,13.73,0.013730000000000001,0.1346913,2.721036363636364,245.22423636363638
478.0,1.03,0.00103,0.010104300000000002,0.20412727272727277,245.42836363636366
562.0,0.28,0.00028000000000000003,0.0027468000000000006,0.0554909090909091,245.48385454545456
647.0,0.37,0.00037,0.0036297,0.07332727272727273,245.55718181818185
731.0,0.34,0.00034,0.0033354000000000005,0.0673818181818182,245.62456363636366
815.0,0.35,0.00035,0.0034335000000000004,0.06936363636363636,245.6939272727273
899.0,0.37,0.00037,0.0036297,0.07332727272727273,245.7672545454546
983.0,0.38,0.00038,0.0037278000000000003,0.07530909090909091,245.84256363636368
1067.0,0.32,0.00032,0.0031392000000000004,0.06341818181818182,245.90598181818186
1150.0,0.37,0.00037,0.0036297,0.07332727272727273,245.97930909090914
1234.0,0.4,0.0004,0.003924,0.07927272727272727,246.05858181818186
1318.0,0.37,0.00037,0.0036297,0.07332727272727273,246.13190909090915
1402.0,0.32,0.00032,0.0031392000000000004,0.06341818181818182,246.19532727272733
1486.0,0.35,0.00035,0.0034335000000000004,0.06936363636363636,246.26469090909097
1570.0,0.36,0.00035999999999999997,0.0035315999999999998,0.07134545454545453,246.33603636363642
1654.0,0.35,0.00035,0.0034335000000000004,0.06936363636363636,246.40540000000007
1738.0,0.34,0.00034,0.0033354000000000005,0.0673818181818182,246.4727818181819
1822.0,0.31,0.00031,0.0030411,0.061436363636363636,246.53421818181826
1906.0,0.3,0.0003,0.002943,0.05945454545454545,246.5936727272728
1990.0,0.31,0.00031,0.0030411,0.061436363636363636,246.65510909090918
2074.0,0.32,0.00032,0.0031392000000000004,0.06341818181818182,246.71852727272736
2158.0,0.37,0.00037,0.0036297,0.07332727272727273,246.79185454545464
2242.0,0.36,0.00035999999999999997,0.0035315999999999998,0.07134545454545453,246.8632000000001
2326.0,0.33,0.00033,0.0032373000000000002,0.0654,246.9286000000001
2410.0,0.34,0.00034,0.0033354000000000005,0.0673818181818182,246.99598181818192
2494.0,0.37,0.00037,0.0036297,0.07332727272727273,247.0693090909092
2578.0,0.4,0.0004,0.003924,0.07927272727272727,247.14858181818192
2662.0,0.38,0.00038,0.0037278000000000003,0.07530909090909091,247.223890909091
2746.0,0.35,0.00035,0.0034335000000000004,0.06936363636363636,247.29325454545466
2830.0,0.33,0.00033,0.0032373000000000002,0.0654,247.35865454545467
2914.0,0.39,0.00039,0.0038259,0.07729090909090909,247.4359454545456
2998.0,0.44,0.00044,0.004316400000000001,0.08720000000000001,247.52314545454558
3082.0,0.4,0.0004,0.003924,0.07927272727272727,247.6024181818183
3166.0,0.33,0.00033,0.0032373000000000002,0.0654,247.66781818181832
3250.0,0.28,0.00028000000000000003,0.0027468000000000006,0.0554909090909091,247.72330909090923
3334.0,0.26,0.00026000000000000003,0.0025506000000000005,0.051527272727272734,247.7748363636365
3418.0,0.37,0.00037,0.0036297,0.07332727272727273,247.84816363636378
3502.0,0.43,0.00043,0.0042183,0.08521818181818182,247.93338181818197
3587.0,0.4,0.0004,0.003924,0.07927272727272727,248.0126545454547
3671.0,0.3,0.0003,0.002943,0.05945454545454545,248.07210909090924
3755.0,0.32,0.00032,0.0031392000000000004,0.06341818181818182,248.13552727272742
3838.0,0.37,0.00037,0.0036297,0.07332727272727273,248.2088545454547
3922.0,0.34,0.00034,0.0033354000000000005,0.0673818181818182,248.2762363636365
4006.0,0.3,0.0003,0.002943,0.05945454545454545,248.33569090909106
4090.0,0.28,0.00028000000000000003,0.0027468000000000006,0.0554909090909091,248.39118181818196
4174.0,0.34,0.00034,0.0033354000000000005,0.0673818181818182,248.45856363636378
4258.0,0.4,0.0004,0.003924,0.07927272727272727,248.5378363636365
4342.0,0.41,0.00041,0.0040221,0.08125454545454544,248.61909090909106
4426.0,0.38,0.00038,0.0037278000000000003,0.07530909090909091,248.69440000000014
4510.0,0.37,0.00037,0.0036297,0.07332727272727273,248.76772727272743
4594.0,0.39,0.00039,0.0038259,0.07729090909090909,248.84501818181835
4678.0,0.34,0.00034,0.0033354000000000005,0.0673818181818182,248.91240000000016
4762.0,0.34,0.00034,0.0033354000000000005,0.0673818181818182,248.97978181818198
4846.0,0.34,0.00034,0.0033354000000000005,0.0673818181818182,249.0471636363638
4930.0,0.37,0.00037,0.0036297,0.07332727272727273,249.12049090909107
5014.0,0.37,0.00037,0.0036297,0.07332727272727273,249.19381818181836
5098.0,0.35,0.00035,0.0034335000000000004,0.06936363636363636,249.263181818182
5182.0,0.34,0.00034,0.0033354000000000005,0.0673818181818182,249.33056363636382
5266.0,0.32,0.00032,0.0031392000000000004,0.06341818181818182,249.393981818182
5350.0,0.35,0.00035,0.0034335000000000004,0.06936363636363636,249.46334545454565
5434.0,0.32,0.00032,0.0031392000000000004,0.06341818181818182,249.52676363636382
5518.0,0.33,0.00033,0.0032373000000000002,0.0654,249.59216363636384
5602.0,0.35,0.00035,0.0034335000000000004,0.06936363636363636,249.66152727272748
5686.0,0.37,0.00037,0.0036297,0.07332727272727273,249.73485454545477
5770.0,0.37,0.00037,0.0036297,0.07332727272727273,249.80818181818205
5854.0,0.31,0.00031,0.0030411,0.061436363636363636,249.86961818181842
5938.0,0.27,0.00027,0.0026487000000000004,0.053509090909090916,249.92312727272753
6022.0,0.27,0.00027,0.0026487000000000004,0.053509090909090916,249.97663636363663
6106.0,0.3,0.0003,0.002943,0.05945454545454545,250.03609090909117
6190.0,0.34,0.00034,0.0033354000000000005,0.0673818181818182,250.103472727273
6274.0,0.35,0.00035,0.0034335000000000004,0.06936363636363636,250.17283636363663
6358.0,0.37,0.00037,0.0036297,0.07332727272727273,250.24616363636392
6443.0,0.39,0.00039,0.0038259,0.07729090909090909,250.32345454545484
6526.0,0.38,0.00038,0.0037278000000000003,0.07530909090909091,250.39876363636392
6610.0,0.35,0.00035,0.0034335000000000004,0.06936363636363636,250.46812727272757
6694.0,0.35,0.00035,0.0034335000000000004,0.06936363636363636,250.53749090909122
6778.0,0.3,0.0003,0.002943,0.05945454545454545,250.59694545454576
6862.0,0.31,0.00031,0.0030411,0.061436363636363636,250.65838181818214
6946.0,0.37,0.00037,0.0036297,0.07332727272727273,250.73170909090942
7030.0,0.35,0.00035,0.0034335000000000004,0.06936363636363636,250.80107272727307
7114.0,0.33,0.00033,0.0032373000000000002,0.0654,250.86647272727308
7198.0,0.35,0.00035,0.0034335000000000004,0.06936363636363636,250.93583636363672
7282.0,0.33,0.00033,0.0032373000000000002,0.0654,251.00123636363674
7366.0,0.31,0.00031,0.0030411,0.061436363636363636,251.0626727272731
7450.0,0.28,0.00028000000000000003,0.0027468000000000006,0.0554909090909091,251.11816363636402
7534.0,0.31,0.00031,0.0030411,0.061436363636363636,251.1796000000004
7618.0,0.28,0.00028000000000000003,0.0027468000000000006,0.0554909090909091,251.2350909090913
7702.0,0.27,0.00027,0.0026487000000000004,0.053509090909090916,251.2886000000004
7786.0,0.31,0.00031,0.0030411,0.061436363636363636,251.35003636363678
7870.0,0.34,0.00034,0.0033354000000000005,0.0673818181818182,251.4174181818186
7954.0,0.38,0.00038,0.0037278000000000003,0.07530909090909091,251.49272727272768
8038.0,0.38,0.00038,0.0037278000000000003,0.07530909090909091,251.56803636363676
8122.0,0.37,0.00037,0.0036297,0.07332727272727273,251.64136363636405
8206.0,0.39,0.00039,0.0038259,0.07729090909090909,251.71865454545497
8290.0,0.33,0.00033,0.0032373000000000002,0.0654,251.78405454545498
8374.0,0.34,0.00034,0.0033354000000000005,0.0673818181818182,251.8514363636368
8458.0,0.41,0.00041,0.0040221,0.08125454545454544,251.93269090909135
8542.0,0.42,0.00041999999999999996,0.0041202,0.08323636363636364,252.0159272727277
8626.0,0.38,0.00038,0.0037278000000000003,0.07530909090909091,252.0912363636368
8710.0,0.32,0.00032,0.0031392000000000004,0.06341818181818182,252.15465454545497
8794.0,0.38,0.00038,0.0037278000000000003,0.07530909090909091,252.22996363636406
8878.0,0.37,0.00037,0.0036297,0.07332727272727273,252.30329090909134
8962.0,0.32,0.00032,0.0031392000000000004,0.06341818181818182,252.36670909090952
9047.0,0.3,0.0003,0.002943,0.05945454545454545,252.42616363636407
9131.0,0.32,0.00032,0.0031392000000000004,0.06341818181818182,252.48958181818224
9214.0,0.33,0.00033,0.0032373000000000002,0.0654,252.55498181818226
9298.0,0.32,0.00032,0.0031392000000000004,0.06341818181818182,252.61840000000043
9382.0,0.34,0.00034,0.0033354000000000005,0.0673818181818182,252.68578181818225
9466.0,0.35,0.00035,0.0034335000000000004,0.06936363636363636,252.7551454545459
9550.0,0.38,0.00038,0.0037278000000000003,0.07530909090909091,252.83045454545498
9634.0,0.37,0.00037,0.0036297,0.07332727272727273,252.90378181818227
9718.0,0.34,0.00034,0.0033354000000000005,0.0673818181818182,252.97116363636408
9802.0,0.37,0.00037,0.0036297,0.07332727272727273,253.04449090909137
9886.0,0.39,0.00039,0.0038259,0.07729090909090909,253.12178181818228
9970.0,0.42,0.00041999999999999996,0.0041202,0.08323636363636364,253.20501818181864
10054.0,0.38,0.00038,0.0037278000000000003,0.07530909090909091,253.28032727272773
10138.0,0.37,0.00037,0.0036297,0.07332727272727273,253.35365454545502
10222.0,0.34,0.00034,0.0033354000000000005,0.0673818181818182,253.42103636363683
10306.0,0.38,0.00038,0.0037278000000000003,0.07530909090909091,253.49634545454592
10390.0,0.4,0.0004,0.003924,0.07927272727272727,253.57561818181864
10474.0,0.37,0.00037,0.0036297,0.07332727272727273,253.64894545454592
10558.0,0.36,0.00035999999999999997,0.0035315999999999998,0.07134545454545453,253.72029090909137
10642.0,0.36,0.00035999999999999997,0.0035315999999999998,0.07134545454545453,253.79163636363683
10726.0,0.35,0.00035,0.0034335000000000004,0.06936363636363636,253.86100000000047
10810.0,0.37,0.00037,0.0036297,0.07332727272727273,253.93432727272776
10894.0,0.36,0.00035999999999999997,0.0035315999999999998,0.07134545454545453,254.0056727272732
10978.0,0.35,0.00035,0.0034335000000000004,0.06936363636363636,254.07503636363685
11062.0,0.39,0.00039,0.0038259,0.07729090909090909,254.15232727272777
11146.0,0.4,0.0004,0.003924,0.07927272727272727,254.2316000000005
11230.0,0.36,0.00035999999999999997,0.0035315999999999998,0.07134545454545453,254.30294545454595
11314.0,0.35,0.00035,0.0034335000000000004,0.06936363636363636,254.3723090909096
11398.0,0.34,0.00034,0.0033354000000000005,0.0673818181818182,254.4396909090914
11482.0,0.35,0.00035,0.0034335000000000004,0.06936363636363636,254.50905454545506
11566.0,0.34,0.00034,0.0033354000000000005,0.0673818181818182,254.57643636363687
11651.0,0.33,0.00033,0.0032373000000000002,0.0654,254.64183636363688
11735.0,0.31,0.00031,0.0030411,0.061436363636363636,254.70327272727326
11819.0,0.31,0.00031,0.0030411,0.061436363636363636,254.76470909090963
11902.0,0.37,0.00037,0.0036297,0.07332727272727273,254.83803636363692
11986.0,0.39,0.00039,0.0038259,0.07729090909090909,254.91532727272784
12070.0,0.41,0.00041,0.0040221,0.08125454545454544,254.9965818181824
12154.0,0.38,0.00038,0.0037278000000000003,0.07530909090909091,255.07189090909148
12238.0,0.38,0.00038,0.0037278000000000003,0.07530909090909091,255.14720000000057
12322.0,0.38,0.00038,0.0037278000000000003,0.07530909090909091,255.22250909090965
12406.0,0.39,0.00039,0.0038259,0.07729090909090909,255.29980000000057
12490.0,0.41,0.00041,0.0040221,0.08125454545454544,255.38105454545513
12574.0,0.39,0.00039,0.0038259,0.07729090909090909,255.45834545454605
12658.0,0.41,0.00041,0.0040221,0.08125454545454544,255.5396000000006
12742.0,0.4,0.0004,0.003924,0.07927272727272727,255.61887272727333
12826.0,0.39,0.00039,0.0038259,0.07729090909090909,255.69616363636425
12910.0,0.39,0.00039,0.0038259,0.07729090909090909,255.77345454545517
12994.0,0.39,0.00039,0.0038259,0.07729090909090909,255.8507454545461
13078.0,0.39,0.00039,0.0038259,0.07729090909090909,255.928036363637
13162.0,0.36,0.00035999999999999997,0.0035315999999999998,0.07134545454545453,255.99938181818246
13246.0,0.34,0.00034,0.0033354000000000005,0.0673818181818182,256.06676363636427
13330.0,0.37,0.00037,0.0036297,0.07332727272727273,256.14009090909155
13414.0,0.41,0.00041,0.0040221,0.08125454545454544,256.2213454545461
13498.0,0.39,0.00039,0.0038259,0.07729090909090909,256.298636363637
13582.0,0.39,0.00039,0.0038259,0.07729090909090909,256.3759272727279
13666.0,0.43,0.00043,0.0042183,0.08521818181818182,256.46114545454606
13750.0,0.43,0.00043,0.0042183,0.08521818181818182,256.5463636363642
13834.0,0.39,0.00039,0.0038259,0.07729090909090909,256.6236545454551
13918.0,0.42,0.00041999999999999996,0.0041202,0.08323636363636364,256.7068909090915
14002.0,0.38,0.00038,0.0037278000000000003,0.07530909090909091,256.7822000000006
14086.0,0.36,0.00035999999999999997,0.0035315999999999998,0.07134545454545453,256.85354545454607
14170.0,0.39,0.00039,0.0038259,0.07729090909090909,256.93083636363696
14255.0,0.4,0.0004,0.003924,0.07927272727272727,257.0101090909097
14339.0,0.39,0.00039,0.0038259,0.07729090909090909,257.08740000000057
14422.0,0.32,0.00032,0.0031392000000000004,0.06341818181818182,257.15081818181875
14507.0,0.05,5e-05,0.0004905,0.009909090909090909,257.16072727272785
14590.0,0.17,0.00017,0.0016677000000000003,0.0336909090909091,257.1944181818188
14674.0,0.29,0.00029,0.0028449,0.05747272727272727,257.2518909090915
14758.0,0.36,0.00035999999999999997,0.0035315999999999998,0.07134545454545453,257.32323636363697
14842.0,0.27,0.00027,0.0026487000000000004,0.053509090909090916,257.37674545454604
14926.0,0.02,2e-05,0.00019620000000000003,0.003963636363636364,257.3807090909097
15010.0,0.19,0.00019,0.0018639000000000001,0.037654545454545454,257.41836363636423
15094.0,0.4,0.0004,0.003924,0.07927272727272727,257.49763636363696
15178.0,0.4,0.0004,0.003924,0.07927272727272727,257.5769090909097
15262.0,0.46,0.00046,0.0045126,0.09116363636363636,257.66807272727334
15346.0,0.47,0.00047,0.0046107,0.09314545454545453,257.7612181818188
15430.0,0.43,0.00043,0.0042183,0.08521818181818182,257.84643636363694
15514.0,0.45,0.00045,0.0044145,0.08918181818181818,257.93561818181877
15598.0,0.41,0.00041,0.0040221,0.08125454545454544,258.0168727272733
15682.0,0.41,0.00041,0.0040221,0.08125454545454544,258.0981272727279
15766.0,0.39,0.00039,0.0038259,0.07729090909090909,258.17541818181877
15850.0,0.42,0.00041999999999999996,0.0041202,0.08323636363636364,258.25865454545516
15934.0,0.4,0.0004,0.003924,0.07927272727272727,258.3379272727279
16018.0,0.4,0.0004,0.003924,0.07927272727272727,258.4172000000006
16102.0,0.43,0.00043,0.0042183,0.08521818181818182,258.50241818181877
16186.0,0.38,0.00038,0.0037278000000000003,0.07530909090909091,258.5777272727279
16270.0,0.43,0.00043,0.0042183,0.08521818181818182,258.66294545454605
16354.0,0.43,0.00043,0.0042183,0.08521818181818182,258.7481636363642
16438.0,0.4,0.0004,0.003924,0.07927272727272727,258.82743636363693
16522.0,0.37,0.00037,0.0036297,0.07332727272727273,258.9007636363642
16606.0,0.43,0.00043,0.0042183,0.08521818181818182,258.9859818181824
16690.0,0.47,0.00047,0.0046107,0.09314545454545453,259.0791272727278
16774.0,0.42,0.00041999999999999996,0.0041202,0.08323636363636364,259.1623636363642
16858.0,0.43,0.00043,0.0042183,0.08521818181818182,259.24758181818237
16942.0,0.47,0.00047,0.0046107,0.09314545454545453,259.3407272727278
17026.0,0.47,0.00047,0.0046107,0.09314545454545453,259.43387272727324
17111.0,0.41,0.00041,0.0040221,0.08125454545454544,259.5151272727278
17195.0,0.38,0.00038,0.0037278000000000003,0.07530909090909091,259.5904363636369
17278.0,0.42,0.00041999999999999996,0.0041202,0.08323636363636364,259.6736727272733
17362.0,0.43,0.00043,0.0042183,0.08521818181818182,259.75889090909146
17446.0,0.44,0.00044,0.004316400000000001,0.08720000000000001,259.84609090909146
17530.0,0.44,0.00044,0.004316400000000001,0.08720000000000001,259.93329090909145
17614.0,0.47,0.00047,0.0046107,0.09314545454545453,260.0264363636369
17698.0,0.51,0.00051,0.005003100000000001,0.10107272727272729,260.1275090909096
17782.0,0.45,0.00045,0.0044145,0.08918181818181818,260.2166909090914
17866.0,0.42,0.00041999999999999996,0.0041202,0.08323636363636364,260.2999272727278
17950.0,0.44,0.00044,0.004316400000000001,0.08720000000000001,260.3871272727278
18034.0,0.43,0.00043,0.0042183,0.08521818181818182,260.472345454546
18118.0,0.44,0.00044,0.004316400000000001,0.08720000000000001,260.55954545454597
18202.0,0.41,0.00041,0.0040221,0.08125454545454544,260.6408000000005
18286.0,0.45,0.00045,0.0044145,0.08918181818181818,260.72998181818235
18370.0,0.43,0.00043,0.0042183,0.08521818181818182,260.8152000000005
18454.0,0.47,0.00047,0.0046107,0.09314545454545453,260.90834545454595
18538.0,0.43,0.00043,0.0042183,0.08521818181818182,260.9935636363641
18622.0,0.45,0.00045,0.0044145,0.08918181818181818,261.08274545454594
18706.0,0.46,0.00046,0.0045126,0.09116363636363636,261.1739090909096
18790.0,0.42,0.00041999999999999996,0.0041202,0.08323636363636364,261.257145454546
18874.0,0.41,0.00041,0.0040221,0.08125454545454544,261.33840000000055
18958.0,0.38,0.00038,0.0037278000000000003,0.07530909090909091,261.41370909090966
19042.0,0.41,0.00041,0.0040221,0.08125454545454544,261.4949636363642
19126.0,0.45,0.00045,0.0044145,0.08918181818181818,261.58414545454605
19210.0,0.44,0.00044,0.004316400000000001,0.08720000000000001,261.67134545454604
19294.0,0.48,0.00047999999999999996,0.0047088,0.09512727272727273,261.7664727272733
19379.0,0.44,0.00044,0.004316400000000001,0.08720000000000001,261.8536727272733
19463.0,0.45,0.00045,0.0044145,0.08918181818181818,261.94285454545513
19547.0,0.42,0.00041999999999999996,0.0041202,0.08323636363636364,262.0260909090915
19631.0,0.43,0.00043,0.0042183,0.08521818181818182,262.1113090909097
19715.0,0.46,0.00046,0.0045126,0.09116363636363636,262.20247272727335
19799.0,0.44,0.00044,0.004316400000000001,0.08720000000000001,262.28967272727334
19883.0,0.43,0.00043,0.0042183,0.08521818181818182,262.3748909090915
19966.0,0.41,0.00041,0.0040221,0.08125454545454544,262.45614545454606
20050.0,0.42,0.00041999999999999996,0.0041202,0.08323636363636364,262.53938181818245
20134.0,0.45,0.00045,0.0044145,0.08918181818181818,262.6285636363643
20218.0,0.47,0.00047,0.0046107,0.09314545454545453,262.7217090909097
20302.0,0.47,0.00047,0.0046107,0.09314545454545453,262.81485454545515
20386.0,0.43,0.00043,0.0042183,0.08521818181818182,262.9000727272733
20470.0,0.42,0.00041999999999999996,0.0041202,0.08323636363636364,262.9833090909097
20554.0,0.4,0.0004,0.003924,0.07927272727272727,263.0625818181824
20638.0,0.43,0.00043,0.0042183,0.08521818181818182,263.1478000000006
20722.0,0.45,0.00045,0.0044145,0.08918181818181818,263.2369818181824
20806.0,0.43,0.00043,0.0042183,0.08521818181818182,263.3222000000006
20890.0,0.42,0.00041999999999999996,0.0041202,0.08323636363636364,263.40543636363697
20974.0,0.46,0.00046,0.0045126,0.09116363636363636,263.4966000000006
21058.0,0.48,0.00047999999999999996,0.0047088,0.09512727272727273,263.5917272727279
21142.0,0.48,0.00047999999999999996,0.0047088,0.09512727272727273,263.68685454545516
21226.0,0.42,0.00041999999999999996,0.0041202,0.08323636363636364,263.77009090909155
21310.0,0.44,0.00044,0.004316400000000001,0.08720000000000001,263.85729090909155
21394.0,0.49,0.00049,0.0048069,0.09710909090909091,263.95440000000065
21478.0,0.49,0.00049,0.0048069,0.09710909090909091,264.05150909090975
21562.0,0.47,0.00047,0.0046107,0.09314545454545453,264.1446545454552
21646.0,0.42,0.00041999999999999996,0.0041202,0.08323636363636364,264.22789090909157
21731.0,0.48,0.00047999999999999996,0.0047088,0.09512727272727273,264.32301818181884
21815.0,0.48,0.00047999999999999996,0.0047088,0.09512727272727273,264.4181454545461
21899.0,0.44,0.00044,0.004316400000000001,0.08720000000000001,264.5053454545461
21983.0,0.42,0.00041999999999999996,0.0041202,0.08323636363636364,264.5885818181825
22067.0,0.47,0.00047,0.0046107,0.09314545454545453,264.6817272727279
22151.0,0.46,0.00046,0.0045126,0.09116363636363636,264.7728909090916
22235.0,0.41,0.00041,0.0040221,0.08125454545454544,264.85414545454614
22319.0,0.42,0.00041999999999999996,0.0041202,0.08323636363636364,264.93738181818253
22403.0,0.42,0.00041999999999999996,0.0041202,0.08323636363636364,265.0206181818189
22487.0,0.4,0.0004,0.003924,0.07927272727272727,265.09989090909164
22571.0,0.42,0.00041999999999999996,0.0041202,0.08323636363636364,265.18312727272803
22654.0,0.44,0.00044,0.004316400000000001,0.08720000000000001,265.270327272728
22738.0,0.44,0.00044,0.004316400000000001,0.08720000000000001,265.357527272728
22822.0,0.39,0.00039,0.0038259,0.07729090909090909,265.4348181818189
22906.0,0.36,0.00035999999999999997,0.0035315999999999998,0.07134545454545453,265.50616363636436
22990.0,0.37,0.00037,0.0036297,0.07332727272727273,265.57949090909165
23074.0,0.39,0.00039,0.0038259,0.07729090909090909,265.65678181818254
23158.0,0.44,0.00044,0.004316400000000001,0.08720000000000001,265.74398181818253
23242.0,0.45,0.00045,0.0044145,0.08918181818181818,265.83316363636436
23326.0,0.41,0.00041,0.0040221,0.08125454545454544,265.9144181818189
23410.0,0.43,0.00043,0.0042183,0.08521818181818182,265.9996363636371
23494.0,0.42,0.00041999999999999996,0.0041202,0.08323636363636364,266.08287272727347
23578.0,0.41,0.00041,0.0040221,0.08125454545454544,266.164127272728
23662.0,0.43,0.00043,0.0042183,0.08521818181818182,266.2493454545462
23746.0,0.47,0.00047,0.0046107,0.09314545454545453,266.3424909090916
23830.0,0.43,0.00043,0.0042183,0.08521818181818182,266.4277090909098
23914.0,0.43,0.00043,0.0042183,0.08521818181818182,266.51292727272795
23999.0,0.44,0.00044,0.004316400000000001,0.08720000000000001,266.60012727272795
24083.0,0.42,0.00041999999999999996,0.0041202,0.08323636363636364,266.68336363636433
24167.0,0.46,0.00046,0.0045126,0.09116363636363636,266.774527272728
24251.0,0.45,0.00045,0.0044145,0.08918181818181818,266.8637090909098
24335.0,0.41,0.00041,0.0040221,0.08125454545454544,266.9449636363644
24419.0,0.42,0.00041999999999999996,0.0041202,0.08323636363636364,267.02820000000077
24503.0,0.41,0.00041,0.0040221,0.08125454545454544,267.1094545454553
24587.0,0.43,0.00043,0.0042183,0.08521818181818182,267.1946727272735
24671.0,0.47,0.00047,0.0046107,0.09314545454545453,267.2878181818189
24755.0,0.46,0.00046,0.0045126,0.09116363636363636,267.3789818181826
24839.0,0.41,0.00041,0.0040221,0.08125454545454544,267.46023636363714
24923.0,0.43,0.00043,0.0042183,0.08521818181818182,267.5454545454553
25007.0,0.44,0.00044,0.004316400000000001,0.08720000000000001,267.6326545454553
25091.0,0.46,0.00046,0.0045126,0.09116363636363636,267.72381818181896
25175.0,0.45,0.00045,0.0044145,0.08918181818181818,267.8130000000008
25259.0,0.45,0.00045,0.0044145,0.08918181818181818,267.9021818181826
25342.0,0.47,0.00047,0.0046107,0.09314545454545453,267.99532727272805
25426.0,0.45,0.00045,0.0044145,0.08918181818181818,268.0845090909099
25510.0,0.39,0.00039,0.0038259,0.07729090909090909,268.16180000000077
25594.0,0.38,0.00038,0.0037278000000000003,0.07530909090909091,268.2371090909099
25678.0,0.42,0.00041999999999999996,0.0041202,0.08323636363636364,268.32034545454627
25762.0,0.42,0.00041999999999999996,0.0041202,0.08323636363636364,268.40358181818266
25846.0,0.43,0.00043,0.0042183,0.08521818181818182,268.4888000000008
25930.0,0.45,0.00045,0.0044145,0.08918181818181818,268.57798181818265
26014.0,0.41,0.00041,0.0040221,0.08125454545454544,268.6592363636372
26098.0,0.4,0.0004,0.003924,0.07927272727272727,268.73850909090993
26182.0,0.41,0.00041,0.0040221,0.08125454545454544,268.8197636363645
26267.0,0.42,0.00041999999999999996,0.0041202,0.08323636363636364,268.9030000000009
26351.0,0.41,0.00041,0.0040221,0.08125454545454544,268.9842545454554
26435.0,0.38,0.00038,0.0037278000000000003,0.07530909090909091,269.05956363636454
26519.0,0.45,0.00045,0.0044145,0.08918181818181818,269.1487454545464
26603.0,0.49,0.00049,0.0048069,0.09710909090909091,269.2458545454555
26687.0,0.44,0.00044,0.004316400000000001,0.08720000000000001,269.33305454545547
26771.0,0.4,0.0004,0.003924,0.07927272727272727,269.4123272727282
26855.0,0.46,0.00046,0.0045126,0.09116363636363636,269.50349090909185
26939.0,0.45,0.00045,0.0044145,0.08918181818181818,269.5926727272737
27023.0,0.4,0.0004,0.003924,0.07927272727272727,269.6719454545464
27107.0,0.44,0.00044,0.004316400000000001,0.08720000000000001,269.7591454545464
27191.0,0.46,0.00046,0.0045126,0.09116363636363636,269.85030909091006
27275.0,0.42,0.00041999999999999996,0.0041202,0.08323636363636364,269.93354545454645
27359.0,0.43,0.00043,0.0042183,0.08521818181818182,270.0187636363646
27443.0,0.43,0.00043,0.0042183,0.08521818181818182,270.1039818181828
27527.0,0.41,0.00041,0.0040221,0.08125454545454544,270.18523636363733
27611.0,0.43,0.00043,0.0042183,0.08521818181818182,270.2704545454555
27695.0,0.41,0.00041,0.0040221,0.08125454545454544,270.35170909091005
27779.0,0.42,0.00041999999999999996,0.0041202,0.08323636363636364,270.43494545454644
27863.0,0.4,0.0004,0.003924,0.07927272727272727,270.51421818181916
27947.0,0.31,0.00031,0.0030411,0.061436363636363636,270.5756545454555
28030.0,0.08,8e-05,0.0007848000000000001,0.015854545454545454,270.59150909091005
28114.0,0.17,0.00017,0.0016677000000000003,0.0336909090909091,270.625200000001
28198.0,0.3,0.0003,0.002943,0.05945454545454545,270.68465454545554
28282.0,0.38,0.00038,0.0037278000000000003,0.07530909090909091,270.75996363636466
28366.0,0.45,0.00045,0.0044145,0.08918181818181818,270.8491454545465
28450.0,0.39,0.00039,0.0038259,0.07729090909090909,270.9264363636374
28534.0,0.39,0.00039,0.0038259,0.07729090909090909,271.00372727272827
28618.0,0.4,0.0004,0.003924,0.07927272727272727,271.083000000001
28702.0,0.41,0.00041,0.0040221,0.08125454545454544,271.16425454545555
28786.0,0.42,0.00041999999999999996,0.0041202,0.08323636363636364,271.24749090909194
28870.0,0.45,0.00045,0.0044145,0.08918181818181818,271.33667272727376
28954.0,0.36,0.00035999999999999997,0.0035315999999999998,0.07134545454545453,271.4080181818192
29038.0,0.37,0.00037,0.0036297,0.07332727272727273,271.4813454545465
29122.0,0.43,0.00043,0.0042183,0.08521818181818182,271.56656363636466
29207.0,0.43,0.00043,0.0042183,0.08521818181818182,271.6517818181828
29291.0,0.44,0.00044,0.004316400000000001,0.08720000000000001,271.7389818181828
29375.0,0.44,0.00044,0.004316400000000001,0.08720000000000001,271.8261818181828
29459.0,0.43,0.00043,0.0042183,0.08521818181818182,271.911400000001
29543.0,0.4,0.0004,0.003924,0.07927272727272727,271.9906727272737
29627.0,0.43,0.00043,0.0042183,0.08521818181818182,272.07589090909187
29711.0,0.39,0.00039,0.0038259,0.07729090909090909,272.15318181818276
29795.0,0.41,0.00041,0.0040221,0.08125454545454544,272.2344363636373
29879.0,0.44,0.00044,0.004316400000000001,0.08720000000000001,272.3216363636373
29963.0,0.39,0.00039,0.0038259,0.07729090909090909,272.3989272727282
30047.0,0.38,0.00038,0.0037278000000000003,0.07530909090909091,272.4742363636373
30131.0,0.41,0.00041,0.0040221,0.08125454545454544,272.5554909090919
30215.0,0.42,0.00041999999999999996,0.0041202,0.08323636363636364,272.63872727272826
30299.0,0.43,0.00043,0.0042183,0.08521818181818182,272.7239454545464
30383.0,0.4,0.0004,0.003924,0.07927272727272727,272.80321818181915
30467.0,0.45,0.00045,0.0044145,0.08918181818181818,272.892400000001
30551.0,0.46,0.00046,0.0045126,0.09116363636363636,272.98356363636464
30635.0,0.41,0.00041,0.0040221,0.08125454545454544,273.0648181818192
30718.0,0.46,0.00046,0.0045126,0.09116363636363636,273.15598181818285
30802.0,0.46,0.00046,0.0045126,0.09116363636363636,273.2471454545465
30886.0,0.39,0.00039,0.0038259,0.07729090909090909,273.3244363636374
30970.0,0.39,0.00039,0.0038259,0.07729090909090909,273.4017272727283
31054.0,0.38,0.00038,0.0037278000000000003,0.07530909090909091,273.4770363636374
31138.0,0.39,0.00039,0.0038259,0.07729090909090909,273.5543272727283
31222.0,0.42,0.00041999999999999996,0.0041202,0.08323636363636364,273.6375636363647
31306.0,0.38,0.00038,0.0037278000000000003,0.07530909090909091,273.7128727272738
31390.0,0.39,0.00039,0.0038259,0.07729090909090909,273.7901636363647
31474.0,0.41,0.00041,0.0040221,0.08125454545454544,273.87141818181925
31558.0,0.4,0.0004,0.003924,0.07927272727272727,273.950690909092
31642.0,0.44,0.00044,0.004316400000000001,0.08720000000000001,274.03789090909197
31727.0,0.48,0.00047999999999999996,0.0047088,0.09512727272727273,274.13301818181924
31811.0,0.43,0.00043,0.0042183,0.08521818181818182,274.2182363636374
31895.0,-0.95,-0.00095,-0.0093195,-0.18827272727272726,274.0299636363647
31979.0,-17.23,-0.01723,-0.1690263,-3.414672727272727,270.615290909092
1.0,4.55,0.00455,0.0446355,0.9017272727272727,271.51701818181925
69.0,4.51,0.00451,0.0442431,0.8937999999999999,272.41081818181925
153.0,4.44,0.00444,0.04355640000000001,0.8799272727272729,273.29074545454654
237.0,6.07,0.00607,0.0595467,1.2029636363636362,274.49370909091016
321.0,38.33,0.038329999999999996,0.3760173,7.596309090909091,282.09001818181923
405.0,81.06,0.08106000000000001,0.7951986000000001,16.064618181818183,298.1546363636374
489.0,82.92,0.08292000000000001,0.8134452000000001,16.433236363636365,314.58787272727375
573.0,81.87,0.08187,0.8031447,16.225145454545455,330.8130181818192
657.0,79.73,0.07973000000000001,0.7821513000000001,15.801036363636365,346.61405454545553
741.0,75.46,0.07546,0.7402626,14.954799999999999,361.5688545454555
825.0,69.95,0.06995,0.6862095,13.862818181818183,375.4316727272737
909.0,66.03,0.06603,0.6477543000000001,13.085945454545456,388.51761818181916
993.0,63.02,0.06302,0.6182262000000001,12.489418181818182,401.0070363636373
1076.0,59.28,0.05928,0.5815368000000001,11.748218181818183,412.7552545454555
1160.0,55.44,0.055439999999999996,0.5438664,10.9872,423.7424545454555
1244.0,51.85,0.05185,0.5086485000000001,10.275727272727273,434.01818181818277
1328.0,48.13,0.04813,0.4721553,9.538490909090909,443.5566727272737
1412.0,44.33,0.04433,0.4348773,8.7854,452.34207272727366
1496.0,40.71,0.04071,0.39936510000000003,8.067981818181819,460.41005454545547
1580.0,37.24,0.03724,0.36532440000000005,7.38029090909091,467.79034545454635
1664.0,34.2,0.0342,0.335502,6.777818181818182,474.56816363636455
1748.0,31.42,0.031420000000000003,0.30823020000000007,6.2268727272727284,480.7950363636373
1832.0,28.74,0.028739999999999998,0.2819394,5.695745454545454,486.4907818181827
1917.0,26.4,0.0264,0.258984,5.231999999999999,491.72278181818274
2001.0,24.22,0.02422,0.2375982,4.799963636363636,496.5227454545464
2085.0,22.47,0.02247,0.2204307,4.453145454545455,500.97589090909185
2169.0,21.28,0.02128,0.20875680000000002,4.217309090909091,505.19320000000096
2253.0,20.47,0.02047,0.2008107,4.056781818181818,509.2499818181828
2337.0,19.38,0.019379999999999998,0.19011779999999998,3.8407636363636355,513.0907454545464
2421.0,17.96,0.01796,0.1761876,3.5593454545454546,516.6500909090919
2505.0,16.82,0.01682,0.16500420000000002,3.333418181818182,519.98350909091
2589.0,15.61,0.015609999999999999,0.1531341,3.0936181818181816,523.0771272727283
2673.0,14.34,0.01434,0.1406754,2.841927272727273,525.9190545454555
2757.0,13.22,0.01322,0.1296882,2.6199636363636363,528.5390181818192
2841.0,12.09,0.01209,0.11860290000000001,2.396018181818182,530.9350363636373
2925.0,11.38,0.011380000000000001,0.11163780000000002,2.2553090909090914,533.1903454545464
3009.0,10.77,0.01077,0.1056537,2.134418181818182,535.3247636363647
3093.0,10.11,0.01011,0.09917909999999999,2.0036181818181817,537.3283818181828
3177.0,9.45,0.00945,0.09270450000000001,1.872818181818182,539.201200000001
3261.0,8.49,0.008490000000000001,0.08328690000000001,1.6825636363636365,540.8837636363646
3345.0,7.82,0.00782,0.07671420000000001,1.5497818181818184,542.4335454545464
3429.0,7.43,0.00743,0.0728883,1.472490909090909,543.9060363636373
3513.0,7.13,0.00713,0.0699453,1.4130363636363636,545.3190727272737
3597.0,6.73,0.006730000000000001,0.0660213,1.3337636363636365,546.6528363636373
3681.0,6.08,0.00608,0.059644800000000005,1.2049454545454545,547.8577818181828
3766.0,5.68,0.005679999999999999,0.055720799999999994,1.1256727272727272,548.9834545454555
3849.0,5.48,0.0054800000000000005,0.05375880000000001,1.0860363636363637,550.0694909090919
3933.0,5.15,0.00515,0.050521500000000004,1.0206363636363636,551.0901272727283
4017.0,4.79,0.00479,0.0469899,0.9492909090909091,552.0394181818192
4101.0,4.34,0.00434,0.042575400000000006,0.860109090909091,552.8995272727283
4185.0,4.24,0.00424,0.041594400000000004,0.8402909090909091,553.7398181818191
4269.0,5.41,0.00541,0.053072100000000004,1.0721636363636364,554.8119818181827
4353.0,6.53,0.00653,0.0640593,1.2941272727272726,556.10610909091
4437.0,6.06,0.006059999999999999,0.0594486,1.2009818181818182,557.3070909090918
4521.0,4.58,0.00458,0.0449298,0.9076727272727272,558.2147636363645
4605.0,3.36,0.0033599999999999997,0.0329616,0.6658909090909091,558.8806545454554
4689.0,2.62,0.00262,0.0257022,0.5192363636363636,559.3998909090917
4773.0,2.09,0.00209,0.0205029,0.4142,559.8140909090918
4857.0,1.54,0.0015400000000000001,0.015107400000000002,0.3052,560.1192909090918
4941.0,0.95,0.00095,0.0093195,0.18827272727272726,560.3075636363645
5025.0,0.73,0.00073,0.0071613,0.14467272727272726,560.4522363636372
5109.0,0.78,0.00078,0.0076518,0.15458181818181818,560.606818181819
5193.0,0.69,0.00069,0.0067689000000000004,0.13674545454545456,560.7435636363645
5277.0,0.54,0.00054,0.005297400000000001,0.10701818181818183,560.8505818181826
5361.0,0.28,0.00028000000000000003,0.0027468000000000006,0.0554909090909091,560.9060727272736
5445.0,0.26,0.00026000000000000003,0.0025506000000000005,0.051527272727272734,560.9576000000009
5530.0,0.4,0.0004,0.003924,0.07927272727272727,561.0368727272736
5614.0,0.52,0.0005200000000000001,0.005101200000000001,0.10305454545454547,561.1399272727282
5698.0,0.44,0.00044,0.004316400000000001,0.08720000000000001,561.2271272727282
5782.0,0.19,0.00019,0.0018639000000000001,0.037654545454545454,561.2647818181828
5866.0,0.32,0.00032,0.0031392000000000004,0.06341818181818182,561.328200000001
5950.0,0.46,0.00046,0.0045126,0.09116363636363636,561.4193636363646
6034.0,0.47,0.00047,0.0046107,0.09314545454545453,561.51250909091
6118.0,0.41,0.00041,0.0040221,0.08125454545454544,561.5937636363645
6202.0,0.2,0.0002,0.001962,0.039636363636363636,561.633400000001
6286.0,0.28,0.00028000000000000003,0.0027468000000000006,0.0554909090909091,561.6888909090919
6370.0,0.44,0.00044,0.004316400000000001,0.08720000000000001,561.776090909092
6454.0,0.49,0.00049,0.0048069,0.09710909090909091,561.873200000001
6537.0,0.44,0.00044,0.004316400000000001,0.08720000000000001,561.9604000000011
6621.0,0.18,0.00017999999999999998,0.0017657999999999999,0.035672727272727266,561.9960727272738
6705.0,0.22,0.00022,0.0021582000000000003,0.04360000000000001,562.0396727272738
6789.0,0.4,0.0004,0.003924,0.07927272727272727,562.1189454545465
6873.0,0.44,0.00044,0.004316400000000001,0.08720000000000001,562.2061454545466
6957.0,0.41,0.00041,0.0040221,0.08125454545454544,562.2874000000011
7041.0,0.19,0.00019,0.0018639000000000001,0.037654545454545454,562.3250545454556
7125.0,0.14,0.00014000000000000001,0.0013734000000000003,0.02774545454545455,562.352800000001
7209.0,0.34,0.00034,0.0033354000000000005,0.0673818181818182,562.4201818181829
7294.0,0.44,0.00044,0.004316400000000001,0.08720000000000001,562.5073818181829
7377.0,0.33,0.00033,0.0032373000000000002,0.0654,562.5727818181829
7462.0,0.13,0.00013000000000000002,0.0012753000000000003,0.025763636363636367,562.5985454545465
7546.0,0.2,0.0002,0.001962,0.039636363636363636,562.6381818181829
7630.0,0.34,0.00034,0.0033354000000000005,0.0673818181818182,562.7055636363648
7714.0,0.39,0.00039,0.0038259,0.07729090909090909,562.7828545454557
7798.0,0.36,0.00035999999999999997,0.0035315999999999998,0.07134545454545453,562.8542000000012
7882.0,0.16,0.00016,0.0015696000000000002,0.03170909090909091,562.8859090909103
7966.0,0.15,0.00015,0.0014715,0.029727272727272724,562.9156363636376
8050.0,0.31,0.00031,0.0030411,0.061436363636363636,562.977072727274
8134.0,0.41,0.00041,0.0040221,0.08125454545454544,563.0583272727285
8218.0,0.36,0.00035999999999999997,0.0035315999999999998,0.07134545454545453,563.129672727274
8302.0,0.16,0.00016,0.0015696000000000002,0.03170909090909091,563.1613818181831
8386.0,0.25,0.00025,0.0024525000000000003,0.049545454545454545,563.2109272727286
8470.0,0.46,0.00046,0.0045126,0.09116363636363636,563.3020909090922
8554.0,0.43,0.00043,0.0042183,0.08521818181818182,563.3873090909103
8638.0,0.39,0.00039,0.0038259,0.07729090909090909,563.4646000000013
8722.0,0.19,0.00019,0.0018639000000000001,0.037654545454545454,563.5022545454558
8806.0,0.22,0.00022,0.0021582000000000003,0.04360000000000001,563.5458545454558
8890.0,0.36,0.00035999999999999997,0.0035315999999999998,0.07134545454545453,563.6172000000013
8974.0,0.36,0.00035999999999999997,0.0035315999999999998,0.07134545454545453,563.6885454545468
9058.0,0.33,0.00033,0.0032373000000000002,0.0654,563.7539454545467
9142.0,0.14,0.00014000000000000001,0.0013734000000000003,0.02774545454545455,563.7816909090922
9226.0,0.23,0.00023,0.0022563,0.04558181818181818,563.827272727274
9310.0,0.38,0.00038,0.0037278000000000003,0.07530909090909091,563.9025818181831
9394.0,0.45,0.00045,0.0044145,0.08918181818181818,563.9917636363649
9478.0,0.38,0.00038,0.0037278000000000003,0.07530909090909091,564.067072727274
9562.0,0.15,0.00015,0.0014715,0.029727272727272724,564.0968000000013
9646.0,0.16,0.00016,0.0015696000000000002,0.03170909090909091,564.1285090909104
9730.0,0.36,0.00035999999999999997,0.0035315999999999998,0.07134545454545453,564.1998545454559
9814.0,0.42,0.00041999999999999996,0.0041202,0.08323636363636364,564.2830909090923
9898.0,0.38,0.00038,0.0037278000000000003,0.07530909090909091,564.3584000000013
9982.0,0.2,0.0002,0.001962,0.039636363636363636,564.3980363636377
10066.0,0.19,0.00019,0.0018639000000000001,0.037654545454545454,564.4356909090923
10150.0,0.37,0.00037,0.0036297,0.07332727272727273,564.5090181818196
10234.0,0.43,0.00043,0.0042183,0.08521818181818182,564.5942363636377
10318.0,0.35,0.00035,0.0034335000000000004,0.06936363636363636,564.6636000000013
10402.0,0.15,0.00015,0.0014715,0.029727272727272724,564.6933272727287
10486.0,0.26,0.00026000000000000003,0.0025506000000000005,0.051527272727272734,564.744854545456
10570.0,0.44,0.00044,0.004316400000000001,0.08720000000000001,564.832054545456
10654.0,0.48,0.00047999999999999996,0.0047088,0.09512727272727273,564.9271818181833
10738.0,0.39,0.00039,0.0038259,0.07729090909090909,565.0044727272742
10822.0,0.18,0.00017999999999999998,0.0017657999999999999,0.035672727272727266,565.040145454547
10906.0,0.23,0.00023,0.0022563,0.04558181818181818,565.0857272727288
10991.0,0.37,0.00037,0.0036297,0.07332727272727273,565.1590545454561
11075.0,0.39,0.00039,0.0038259,0.07729090909090909,565.2363454545471
11159.0,0.34,0.00034,0.0033354000000000005,0.0673818181818182,565.3037272727289
11243.0,0.1,0.0001,0.000981,0.019818181818181818,565.3235454545471
11327.0,0.17,0.00017,0.0016677000000000003,0.0336909090909091,565.357236363638
11411.0,0.37,0.00037,0.0036297,0.07332727272727273,565.4305636363653
11495.0,0.4,0.0004,0.003924,0.07927272727272727,565.509836363638
11579.0,0.33,0.00033,0.0032373000000000002,0.0654,565.5752363636379
11663.0,0.12,0.00011999999999999999,0.0011772,0.023781818181818182,565.5990181818198
11747.0,0.26,0.00026000000000000003,0.0025506000000000005,0.051527272727272734,565.6505454545471
11831.0,0.37,0.00037,0.0036297,0.07332727272727273,565.7238727272744
11914.0,0.39,0.00039,0.0038259,0.07729090909090909,565.8011636363653
11998.0,0.33,0.00033,0.0032373000000000002,0.0654,565.8665636363653
12082.0,0.09,8.999999999999999e-05,0.0008828999999999999,0.017836363636363633,565.8844000000016
12166.0,0.23,0.00023,0.0022563,0.04558181818181818,565.9299818181835
12250.0,0.34,0.00034,0.0033354000000000005,0.0673818181818182,565.9973636363653
12334.0,0.4,0.0004,0.003924,0.07927272727272727,566.076636363638
12418.0,0.4,0.0004,0.003924,0.07927272727272727,566.1559090909108
12502.0,0.15,0.00015,0.0014715,0.029727272727272724,566.1856363636381
12586.0,0.22,0.00022,0.0021582000000000003,0.04360000000000001,566.229236363638
12671.0,0.32,0.00032,0.0031392000000000004,0.06341818181818182,566.2926545454562
12755.0,0.38,0.00038,0.0037278000000000003,0.07530909090909091,566.3679636363653
12839.0,0.35,0.00035,0.0034335000000000004,0.06936363636363636,566.4373272727289
12923.0,0.1,0.0001,0.000981,0.019818181818181818,566.4571454545471
13007.0,0.25,0.00025,0.0024525000000000003,0.049545454545454545,566.5066909090925
13091.0,0.35,0.00035,0.0034335000000000004,0.06936363636363636,566.5760545454561
13175.0,0.41,0.00041,0.0040221,0.08125454545454544,566.6573090909106
13259.0,0.37,0.00037,0.0036297,0.07332727272727273,566.7306363636379
13343.0,0.04,4e-05,0.00039240000000000005,0.007927272727272727,566.7385636363653
13427.0,0.2,0.0002,0.001962,0.039636363636363636,566.7782000000017
13511.0,0.36,0.00035999999999999997,0.0035315999999999998,0.07134545454545453,566.8495454545472
13595.0,0.41,0.00041,0.0040221,0.08125454545454544,566.9308000000017
13679.0,0.34,0.00034,0.0033354000000000005,0.0673818181818182,566.9981818181835
13763.0,0.06,5.9999999999999995e-05,0.0005886,0.011890909090909091,567.0100727272744
13847.0,0.24,0.00023999999999999998,0.0023544,0.047563636363636363,567.057636363638
13931.0,-2.07,-0.00207,-0.0203067,-0.4102363636363636,566.6474000000017
